days,upper,mean,item
0,31.92,11.305,Short grass
1,31.29406827,11.08331585,Short grass
2,30.68041068,10.86597878,Short grass
3,30.07878654,10.65290357,Short grass
4,29.48895988,10.44400662,Short grass
5,28.91069936,10.23920602,Short grass
6,28.34377818,10.03842144,Short grass
7,27.78797398,9.841574118,Short grass
8,27.24306876,9.648586852,Short grass
9,26.7088488,9.459383949,Short grass
10,26.18510456,9.2738912,Short grass
11,25.67163063,9.09203585,Short grass
12,25.16822562,8.913746572,Short grass
13,24.67469206,8.738953439,Short grass
14,24.1908364,8.567587892,Short grass
15,23.71646885,8.399582719,Short grass
16,23.25140337,8.234872025,Short grass
17,22.79545753,8.073391208,Short grass
18,22.34845251,7.915076931,Short grass
19,21.91021299,7.7598671,Short grass
20,21.48056707,7.607700839,Short grass
21,21.05934626,7.458518466,Short grass
22,20.64638532,7.312261468,Short grass
23,20.2415223,7.16887248,Short grass
24,19.84459839,7.028295264,Short grass
25,19.45545792,6.89047468,Short grass
26,19.07394826,6.755356675,Short grass
27,18.69991977,6.622888251,Short grass
28,18.33322575,6.493017452,Short grass
29,17.97372237,6.36569334,Short grass
30,17.62126864,6.240865976,Short grass
31,17.27572631,6.118486401,Short grass
32,16.93695985,5.998506614,Short grass
33,16.6048364,5.880879558,Short grass
34,16.27922569,5.765559097,Short grass
35,15.96,5.6525,Short grass
36,15.64703413,5.541657923,Short grass
37,15.34020534,5.432989391,Short grass
38,15.03939327,5.326451783,Short grass
39,14.74447994,5.222003312,Short grass
40,14.45534968,5.119603012,Short grass
41,14.17188909,5.01921072,Short grass
42,13.89398699,4.920787059,Short grass
43,13.62153438,4.824293426,Short grass
44,13.3544244,4.729691975,Short grass
45,13.09255228,4.6369456,Short grass
46,12.83581532,4.546017925,Short grass
47,12.58411281,4.456873286,Short grass
48,12.33734603,4.369476719,Short grass
49,12.0954182,4.283793946,Short grass
50,11.85823443,4.19979136,Short grass
51,11.62570168,4.117436013,Short grass
52,11.39772876,4.036695604,Short grass
53,11.17422625,3.957538465,Short grass
54,10.95510649,3.87993355,Short grass
55,10.74028354,3.803850419,Short grass
56,10.52967313,3.729259233,Short grass
57,10.32319266,3.656130734,Short grass
58,10.12076115,3.58443624,Short grass
59,9.922299196,3.514147632,Short grass
60,9.727728961,3.44523734,Short grass
61,9.536974129,3.377678337,Short grass
62,9.349959883,3.311444125,Short grass
63,9.166612873,3.246508726,Short grass
64,8.986861186,3.18284667,Short grass
65,8.810634319,3.120432988,Short grass
66,8.637863154,3.0592432,Short grass
67,8.468479926,2.999253307,Short grass
68,8.3024182,2.940439779,Short grass
69,8.139612843,2.882779549,Short grass
70,7.98,2.82625,Short grass
71,7.823517067,2.770828961,Short grass
72,7.67010267,2.716494695,Short grass
73,7.519696634,2.663225891,Short grass
74,7.37223997,2.611001656,Short grass
75,7.227674841,2.559801506,Short grass
76,7.085944546,2.50960536,Short grass
77,6.946993495,2.46039353,Short grass
78,6.81076719,2.412146713,Short grass
79,6.677212199,2.364845987,Short grass
80,6.546276141,2.3184728,Short grass
81,6.417907659,2.273008962,Short grass
82,6.292056404,2.228436643,Short grass
83,6.168673016,2.18473836,Short grass
84,6.0477091,2.141896973,Short grass
85,5.929117214,2.09989568,Short grass
86,5.812850842,2.058718006,Short grass
87,5.698864382,2.018347802,Short grass
88,5.587113127,1.978769233,Short grass
89,5.477553247,1.939966775,Short grass
90,5.370141769,1.90192521,Short grass
91,5.264836564,1.864629616,Short grass
92,5.16159633,1.828065367,Short grass
93,5.060380574,1.79221812,Short grass
94,4.961149598,1.757073816,Short grass
95,4.86386448,1.72261867,Short grass
96,4.768487064,1.688839169,Short grass
97,4.674979942,1.655722063,Short grass
98,4.583306436,1.623254363,Short grass
99,4.493430593,1.591423335,Short grass
100,4.40531716,1.560216494,Short grass
101,4.318931577,1.5296216,Short grass
102,4.234239963,1.499626654,Short grass
103,4.1512091,1.47021989,Short grass
104,4.069806422,1.441389774,Short grass
105,3.99,1.413125,Short grass
106,3.911758534,1.385414481,Short grass
107,3.835051335,1.358247348,Short grass
108,3.759848317,1.331612946,Short grass
109,3.686119985,1.305500828,Short grass
110,3.61383742,1.279900753,Short grass
111,3.542972273,1.25480268,Short grass
112,3.473496748,1.230196765,Short grass
113,3.405383595,1.206073357,Short grass
114,3.3386061,1.182422994,Short grass
115,3.27313807,1.1592364,Short grass
116,3.208953829,1.136504481,Short grass
117,3.146028202,1.114218322,Short grass
118,3.084336508,1.09236918,Short grass
119,3.02385455,1.070948487,Short grass
120,2.964558607,1.04994784,Short grass
121,2.906425421,1.029359003,Short grass
122,2.849432191,1.009173901,Short grass
123,2.793556564,0.989384616,Short grass
124,2.738776623,0.969983387,Short grass
125,2.685070884,0.950962605,Short grass
126,2.632418282,0.932314808,Short grass
127,2.580798165,0.914032683,Short grass
128,2.530190287,0.89610906,Short grass
129,2.480574799,0.878536908,Short grass
130,2.43193224,0.861309335,Short grass
131,2.384243532,0.844419584,Short grass
132,2.337489971,0.827861031,Short grass
133,2.291653218,0.811627181,Short grass
134,2.246715296,0.795711667,Short grass
135,2.20265858,0.780108247,Short grass
136,2.159465789,0.7648108,Short grass
137,2.117119982,0.749813327,Short grass
138,2.07560455,0.735109945,Short grass
139,2.034903211,0.720694887,Short grass
140,1.995,0.7065625,Short grass
141,1.955879267,0.69270724,Short grass
142,1.917525667,0.679123674,Short grass
143,1.879924159,0.665806473,Short grass
144,1.843059993,0.652750414,Short grass
145,1.80691871,0.639950377,Short grass
146,1.771486136,0.62740134,Short grass
147,1.736748374,0.615098382,Short grass
148,1.702691797,0.603036678,Short grass
149,1.66930305,0.591211497,Short grass
150,1.636569035,0.5796182,Short grass
151,1.604476915,0.568252241,Short grass
152,1.573014101,0.557109161,Short grass
153,1.542168254,0.54618459,Short grass
154,1.511927275,0.535474243,Short grass
155,1.482279303,0.52497392,Short grass
156,1.45321271,0.514679502,Short grass
157,1.424716095,0.50458695,Short grass
158,1.396778282,0.494692308,Short grass
159,1.369388312,0.484991694,Short grass
160,1.342535442,0.475481302,Short grass
161,1.316209141,0.466157404,Short grass
162,1.290399083,0.457016342,Short grass
163,1.265095144,0.44805453,Short grass
164,1.240287399,0.439268454,Short grass
165,1.21596612,0.430654668,Short grass
166,1.192121766,0.422209792,Short grass
167,1.168744985,0.413930516,Short grass
168,1.145826609,0.405813591,Short grass
169,1.123357648,0.397855834,Short grass
170,1.10132929,0.390054124,Short grass
171,1.079732894,0.3824054,Short grass
172,1.058559991,0.374906663,Short grass
173,1.037802275,0.367554972,Short grass
174,1.017451605,0.360347444,Short grass
175,0.9975,0.35328125,Short grass
176,0.977939633,0.34635362,Short grass
177,0.958762834,0.339561837,Short grass
178,0.939962079,0.332903236,Short grass
179,0.921529996,0.326375207,Short grass
180,0.903459355,0.319975188,Short grass
181,0.885743068,0.31370067,Short grass
182,0.868374187,0.307549191,Short grass
183,0.851345899,0.301518339,Short grass
184,0.834651525,0.295605748,Short grass
185,0.818284518,0.2898091,Short grass
186,0.802238457,0.28412612,Short grass
187,0.786507051,0.27855458,Short grass
188,0.771084127,0.273092295,Short grass
189,0.755963638,0.267737122,Short grass
190,0.741139652,0.26248696,Short grass
191,0.726606355,0.257339751,Short grass
192,0.712358048,0.252293475,Short grass
193,0.698389141,0.247346154,Short grass
194,0.684694156,0.242495847,Short grass
195,0.671267721,0.237740651,Short grass
196,0.65810457,0.233078702,Short grass
197,0.645199541,0.228508171,Short grass
198,0.632547572,0.224027265,Short grass
199,0.6201437,0.219634227,Short grass
200,0.60798306,0.215327334,Short grass
201,0.596060883,0.211104896,Short grass
202,0.584372493,0.206965258,Short grass
203,0.572913305,0.202906795,Short grass
204,0.561678824,0.198927917,Short grass
205,0.550664645,0.195027062,Short grass
206,0.539866447,0.1912027,Short grass
207,0.529279995,0.187453332,Short grass
208,0.518901138,0.183777486,Short grass
209,0.508725803,0.180173722,Short grass
210,0.49875,0.176640625,Short grass
211,0.488969817,0.17317681,Short grass
212,0.479381417,0.169780918,Short grass
213,0.46998104,0.166451618,Short grass
214,0.460764998,0.163187604,Short grass
215,0.451729678,0.159987594,Short grass
216,0.442871534,0.156850335,Short grass
217,0.434187093,0.153774596,Short grass
218,0.425672949,0.15075917,Short grass
219,0.417325762,0.147802874,Short grass
220,0.409142259,0.14490455,Short grass
221,0.401119229,0.14206306,Short grass
222,0.393253525,0.13927729,Short grass
223,0.385542063,0.136546147,Short grass
224,0.377981819,0.133868561,Short grass
225,0.370569826,0.13124348,Short grass
226,0.363303178,0.128669875,Short grass
227,0.356179024,0.126146738,Short grass
228,0.34919457,0.123673077,Short grass
229,0.342347078,0.121247923,Short grass
230,0.335633861,0.118870326,Short grass
231,0.329052285,0.116539351,Short grass
232,0.322599771,0.114254085,Short grass
233,0.316273786,0.112013633,Short grass
234,0.31007185,0.109817113,Short grass
235,0.30399153,0.107663667,Short grass
236,0.298030442,0.105552448,Short grass
237,0.292186246,0.103482629,Short grass
238,0.286456652,0.101453398,Short grass
239,0.280839412,0.099463958,Short grass
240,0.275332322,0.097513531,Short grass
241,0.269933224,0.09560135,Short grass
242,0.264639998,0.093726666,Short grass
243,0.259450569,0.091888743,Short grass
244,0.254362901,0.090086861,Short grass
245,0.249375,0.088320312,Short grass
246,0.244484908,0.086588405,Short grass
247,0.239690708,0.084890459,Short grass
248,0.23499052,0.083225809,Short grass
249,0.230382499,0.081593802,Short grass
250,0.225864839,0.079993797,Short grass
251,0.221435767,0.078425167,Short grass
252,0.217093547,0.076887298,Short grass
253,0.212836475,0.075379585,Short grass
254,0.208662881,0.073901437,Short grass
255,0.204571129,0.072452275,Short grass
256,0.200559614,0.07103153,Short grass
257,0.196626763,0.069638645,Short grass
258,0.192771032,0.068273074,Short grass
259,0.188990909,0.06693428,Short grass
260,0.185284913,0.06562174,Short grass
261,0.181651589,0.064334938,Short grass
262,0.178089512,0.063073369,Short grass
263,0.174597285,0.061836539,Short grass
264,0.171173539,0.060623962,Short grass
265,0.16781693,0.059435163,Short grass
266,0.164526143,0.058269676,Short grass
267,0.161299885,0.057127043,Short grass
268,0.158136893,0.056006816,Short grass
269,0.155035925,0.054908557,Short grass
270,0.151995765,0.053831833,Short grass
271,0.149015221,0.052776224,Short grass
272,0.146093123,0.051741314,Short grass
273,0.143228326,0.050726699,Short grass
274,0.140419706,0.049731979,Short grass
275,0.137666161,0.048756765,Short grass
276,0.134966612,0.047800675,Short grass
277,0.132319999,0.046863333,Short grass
278,0.129725284,0.045944372,Short grass
279,0.127181451,0.04504343,Short grass
280,0.1246875,0.044160156,Short grass
281,0.122242454,0.043294203,Short grass
282,0.119845354,0.04244523,Short grass
283,0.11749526,0.041612905,Short grass
284,0.11519125,0.040796901,Short grass
285,0.112932419,0.039996899,Short grass
286,0.110717884,0.039212584,Short grass
287,0.108546773,0.038443649,Short grass
288,0.106418237,0.037689792,Short grass
289,0.104331441,0.036950719,Short grass
290,0.102285565,0.036226137,Short grass
291,0.100279807,0.035515765,Short grass
292,0.098313381,0.034819323,Short grass
293,0.096385516,0.034136537,Short grass
294,0.094495455,0.03346714,Short grass
295,0.092642456,0.03281087,Short grass
296,0.090825794,0.032167469,Short grass
297,0.089044756,0.031536684,Short grass
298,0.087298643,0.030918269,Short grass
299,0.085586769,0.030311981,Short grass
300,0.083908465,0.029717581,Short grass
301,0.082263071,0.029134838,Short grass
302,0.080649943,0.028563521,Short grass
303,0.079068446,0.028003408,Short grass
304,0.077517962,0.027454278,Short grass
305,0.075997883,0.026915917,Short grass
306,0.07450761,0.026388112,Short grass
307,0.073046562,0.025870657,Short grass
308,0.071614163,0.025363349,Short grass
309,0.070209853,0.02486599,Short grass
310,0.068833081,0.024378383,Short grass
311,0.067483306,0.023900338,Short grass
312,0.066159999,0.023431666,Short grass
313,0.064862642,0.022972186,Short grass
314,0.063590725,0.022521715,Short grass
315,0.06234375,0.022080078,Short grass
316,0.061121227,0.021647101,Short grass
317,0.059922677,0.021222615,Short grass
318,0.05874763,0.020806452,Short grass
319,0.057595625,0.02039845,Short grass
320,0.05646621,0.019998449,Short grass
321,0.055358942,0.019606292,Short grass
322,0.054273387,0.019221824,Short grass
323,0.053209119,0.018844896,Short grass
324,0.05216572,0.018475359,Short grass
325,0.051142782,0.018113069,Short grass
326,0.050139904,0.017757883,Short grass
327,0.049156691,0.017409661,Short grass
328,0.048192758,0.017068268,Short grass
329,0.047247727,0.01673357,Short grass
330,0.046321228,0.016405435,Short grass
331,0.045412897,0.016083734,Short grass
332,0.044522378,0.015768342,Short grass
333,0.043649321,0.015459135,Short grass
334,0.042793385,0.01515599,Short grass
335,0.041954233,0.014858791,Short grass
336,0.041131536,0.014567419,Short grass
337,0.040324971,0.014281761,Short grass
338,0.039534223,0.014001704,Short grass
339,0.038758981,0.013727139,Short grass
340,0.037998941,0.013457958,Short grass
341,0.037253805,0.013194056,Short grass
342,0.036523281,0.012935329,Short grass
343,0.035807082,0.012681675,Short grass
344,0.035104927,0.012432995,Short grass
345,0.03441654,0.012189191,Short grass
346,0.033741653,0.011950169,Short grass
347,0.03308,0.011715833,Short grass
348,0.032431321,0.011486093,Short grass
349,0.031795363,0.011260858,Short grass
350,0.031171875,0.011040039,Short grass
351,0.030560614,0.010823551,Short grass
352,0.029961339,0.010611307,Short grass
353,0.029373815,0.010403226,Short grass
354,0.028797812,0.010199225,Short grass
355,0.028233105,0.009999225,Short grass
356,0.027679471,0.009803146,Short grass
357,0.027136693,0.009610912,Short grass
358,0.026604559,0.009422448,Short grass
359,0.02608286,0.00923768,Short grass
360,0.025571391,0.009056534,Short grass
361,0.025069952,0.008878941,Short grass
362,0.024578345,0.008704831,Short grass
363,0.024096379,0.008534134,Short grass
364,0.023623864,0.008366785,Short grass
365,0.023160614,0.008202717,Short grass
366,0.022706449,0.008041867,Short grass
367,0.022261189,0.007884171,Short grass
368,0.021824661,0.007729567,Short grass
369,0.021396692,0.007577995,Short grass
370,0.020977116,0.007429395,Short grass
0,14.63,4.788,Tall grass
1,14.34311462,4.69411024,Tall grass
2,14.06185489,4.602061602,Tall grass
3,13.7861105,4.511817981,Tall grass
4,13.51577328,4.423343982,Tall grass
5,13.25073721,4.336604904,Tall grass
6,12.99089833,4.251566727,Tall grass
7,12.73615474,4.168196097,Tall grass
8,12.48640651,4.086460314,Tall grass
9,12.2415557,4.00632732,Tall grass
10,12.00150626,3.927765685,Tall grass
11,11.76616404,3.850744595,Tall grass
12,11.53543674,3.775233842,Tall grass
13,11.30923386,3.701203809,Tall grass
14,11.08746668,3.62862546,Tall grass
15,10.87004823,3.557470328,Tall grass
16,10.65689321,3.487710505,Tall grass
17,10.44791803,3.419318629,Tall grass
18,10.24304073,3.352267876,Tall grass
19,10.04218095,3.286531948,Tall grass
20,9.845259909,3.222085061,Tall grass
21,9.652200367,3.158901938,Tall grass
22,9.462926605,3.096957798,Tall grass
23,9.277364386,3.036228345,Tall grass
24,9.095440929,2.976689759,Tall grass
25,8.917084881,2.918318688,Tall grass
26,8.742226285,2.861092239,Tall grass
27,8.57079656,2.804987965,Tall grass
28,8.402728467,2.749983862,Tall grass
29,8.237956087,2.696058356,Tall grass
30,8.076414793,2.643190296,Tall grass
31,7.918041225,2.591358946,Tall grass
32,7.762773266,2.540543978,Tall grass
33,7.610550017,2.49072546,Tall grass
34,7.461311773,2.441883853,Tall grass
35,7.315,2.394,Tall grass
36,7.171557312,2.34705512,Tall grass
37,7.030927447,2.301030801,Tall grass
38,6.893055248,2.25590899,Tall grass
39,6.757886639,2.211671991,Tall grass
40,6.625368604,2.168302452,Tall grass
41,6.495449167,2.125783364,Tall grass
42,6.368077371,2.084098049,Tall grass
43,6.243203257,2.043230157,Tall grass
44,6.12077785,2.00316366,Tall grass
45,6.000753129,1.963882842,Tall grass
46,5.88308202,1.925372298,Tall grass
47,5.76771837,1.887616921,Tall grass
48,5.654616931,1.850601905,Tall grass
49,5.543733342,1.81431273,Tall grass
50,5.435024113,1.778735164,Tall grass
51,5.328446605,1.743855252,Tall grass
52,5.223959017,1.709659315,Tall grass
53,5.121520367,1.676133938,Tall grass
54,5.021090476,1.643265974,Tall grass
55,4.922629955,1.611042531,Tall grass
56,4.826100184,1.579450969,Tall grass
57,4.731463303,1.548478899,Tall grass
58,4.638682193,1.518114172,Tall grass
59,4.547720465,1.488344879,Tall grass
60,4.45854244,1.459159344,Tall grass
61,4.371113142,1.430546119,Tall grass
62,4.28539828,1.402493982,Tall grass
63,4.201364233,1.374991931,Tall grass
64,4.118978043,1.348029178,Tall grass
65,4.038207396,1.321595148,Tall grass
66,3.959020612,1.295679473,Tall grass
67,3.881386633,1.270271989,Tall grass
68,3.805275008,1.24536273,Tall grass
69,3.730655886,1.220941926,Tall grass
70,3.6575,1.197,Tall grass
71,3.585778656,1.17352756,Tall grass
72,3.515463724,1.1505154,Tall grass
73,3.446527624,1.127954495,Tall grass
74,3.37894332,1.105835996,Tall grass
75,3.312684302,1.084151226,Tall grass
76,3.247724583,1.062891682,Tall grass
77,3.184038685,1.042049024,Tall grass
78,3.121601629,1.021615078,Tall grass
79,3.060388925,1.00158183,Tall grass
80,3.000376565,0.981941421,Tall grass
81,2.94154101,0.962686149,Tall grass
82,2.883859185,0.943808461,Tall grass
83,2.827308466,0.925300952,Tall grass
84,2.771866671,0.907156365,Tall grass
85,2.717512056,0.889367582,Tall grass
86,2.664223302,0.871927626,Tall grass
87,2.611979508,0.854829657,Tall grass
88,2.560760183,0.838066969,Tall grass
89,2.510545238,0.821632987,Tall grass
90,2.461314977,0.805521265,Tall grass
91,2.413050092,0.789725485,Tall grass
92,2.365731651,0.77423945,Tall grass
93,2.319341097,0.759057086,Tall grass
94,2.273860232,0.74417244,Tall grass
95,2.22927122,0.729579672,Tall grass
96,2.185556571,0.71527306,Tall grass
97,2.14269914,0.701246991,Tall grass
98,2.100682117,0.687495965,Tall grass
99,2.059489022,0.674014589,Tall grass
100,2.019103698,0.660797574,Tall grass
101,1.979510306,0.647839737,Tall grass
102,1.940693316,0.635135994,Tall grass
103,1.902637504,0.622681365,Tall grass
104,1.865327943,0.610470963,Tall grass
105,1.82875,0.5985,Tall grass
106,1.792889328,0.58676378,Tall grass
107,1.757731862,0.5752577,Tall grass
108,1.723263812,0.563977248,Tall grass
109,1.68947166,0.552917998,Tall grass
110,1.656342151,0.542075613,Tall grass
111,1.623862292,0.531445841,Tall grass
112,1.592019343,0.521024512,Tall grass
113,1.560800814,0.510807539,Tall grass
114,1.530194462,0.500790915,Tall grass
115,1.500188282,0.490970711,Tall grass
116,1.470770505,0.481343074,Tall grass
117,1.441929593,0.47190423,Tall grass
118,1.413654233,0.462650476,Tall grass
119,1.385933336,0.453578183,Tall grass
120,1.358756028,0.444683791,Tall grass
121,1.332111651,0.435963813,Tall grass
122,1.305989754,0.427414829,Tall grass
123,1.280380092,0.419033485,Tall grass
124,1.255272619,0.410816494,Tall grass
125,1.230657489,0.402760633,Tall grass
126,1.206525046,0.394862742,Tall grass
127,1.182865826,0.387119725,Tall grass
128,1.159670548,0.379528543,Tall grass
129,1.136930116,0.37208622,Tall grass
130,1.11463561,0.364789836,Tall grass
131,1.092778286,0.35763653,Tall grass
132,1.07134957,0.350623496,Tall grass
133,1.050341058,0.343747983,Tall grass
134,1.029744511,0.337007294,Tall grass
135,1.009551849,0.330398787,Tall grass
136,0.989755153,0.323919868,Tall grass
137,0.970346658,0.317567997,Tall grass
138,0.951318752,0.311340683,Tall grass
139,0.932663972,0.305235482,Tall grass
140,0.914375,0.29925,Tall grass
141,0.896444664,0.29338189,Tall grass
142,0.878865931,0.28762885,Tall grass
143,0.861631906,0.281988624,Tall grass
144,0.84473583,0.276458999,Tall grass
145,0.828171076,0.271037807,Tall grass
146,0.811931146,0.26572292,Tall grass
147,0.796009671,0.260512256,Tall grass
148,0.780400407,0.25540377,Tall grass
149,0.765097231,0.250395457,Tall grass
150,0.750094141,0.245485355,Tall grass
151,0.735385253,0.240671537,Tall grass
152,0.720964796,0.235952115,Tall grass
153,0.706827116,0.231325238,Tall grass
154,0.692966668,0.226789091,Tall grass
155,0.679378014,0.222341896,Tall grass
156,0.666055826,0.217981907,Tall grass
157,0.652994877,0.213707414,Tall grass
158,0.640190046,0.209516742,Tall grass
159,0.62763631,0.205408247,Tall grass
160,0.615328744,0.201380316,Tall grass
161,0.603262523,0.197431371,Tall grass
162,0.591432913,0.193559862,Tall grass
163,0.579835274,0.189764272,Tall grass
164,0.568465058,0.18604311,Tall grass
165,0.557317805,0.182394918,Tall grass
166,0.546389143,0.178818265,Tall grass
167,0.535674785,0.175311748,Tall grass
168,0.525170529,0.171873991,Tall grass
169,0.514872255,0.168503647,Tall grass
170,0.504775925,0.165199393,Tall grass
171,0.494877577,0.161959934,Tall grass
172,0.485173329,0.158783999,Tall grass
173,0.475659376,0.155670341,Tall grass
174,0.466331986,0.152617741,Tall grass
175,0.4571875,0.149625,Tall grass
176,0.448222332,0.146690945,Tall grass
177,0.439432965,0.143814425,Tall grass
178,0.430815953,0.140994312,Tall grass
179,0.422367915,0.138229499,Tall grass
180,0.414085538,0.135518903,Tall grass
181,0.405965573,0.13286146,Tall grass
182,0.398004836,0.130256128,Tall grass
183,0.390200204,0.127701885,Tall grass
184,0.382548616,0.125197729,Tall grass
185,0.375047071,0.122742678,Tall grass
186,0.367692626,0.120335769,Tall grass
187,0.360482398,0.117976058,Tall grass
188,0.353413558,0.115662619,Tall grass
189,0.346483334,0.113394546,Tall grass
190,0.339689007,0.111170948,Tall grass
191,0.333027913,0.108990953,Tall grass
192,0.326497439,0.106853707,Tall grass
193,0.320095023,0.104758371,Tall grass
194,0.313818155,0.102704123,Tall grass
195,0.307664372,0.100690158,Tall grass
196,0.301631261,0.098715686,Tall grass
197,0.295716456,0.096779931,Tall grass
198,0.289917637,0.094882136,Tall grass
199,0.284232529,0.093021555,Tall grass
200,0.278658903,0.091197459,Tall grass
201,0.273194571,0.089409132,Tall grass
202,0.267837392,0.087655874,Tall grass
203,0.262585265,0.085936996,Tall grass
204,0.257436128,0.084251824,Tall grass
205,0.252387962,0.082599697,Tall grass
206,0.247438788,0.080979967,Tall grass
207,0.242586665,0.079391999,Tall grass
208,0.237829688,0.077835171,Tall grass
209,0.233165993,0.07630887,Tall grass
210,0.22859375,0.0748125,Tall grass
211,0.224111166,0.073345473,Tall grass
212,0.219716483,0.071907213,Tall grass
213,0.215407977,0.070497156,Tall grass
214,0.211183957,0.06911475,Tall grass
215,0.207042769,0.067759452,Tall grass
216,0.202982786,0.06643073,Tall grass
217,0.199002418,0.065128064,Tall grass
218,0.195100102,0.063850942,Tall grass
219,0.191274308,0.062598864,Tall grass
220,0.187523535,0.061371339,Tall grass
221,0.183846313,0.060167884,Tall grass
222,0.180241199,0.058988029,Tall grass
223,0.176706779,0.05783131,Tall grass
224,0.173241667,0.056697273,Tall grass
225,0.169844504,0.055585474,Tall grass
226,0.166513956,0.054495477,Tall grass
227,0.163248719,0.053426854,Tall grass
228,0.160047511,0.052379186,Tall grass
229,0.156909077,0.051352062,Tall grass
230,0.153832186,0.050345079,Tall grass
231,0.150815631,0.049357843,Tall grass
232,0.147858228,0.048389966,Tall grass
233,0.144958819,0.047441068,Tall grass
234,0.142116265,0.046510777,Tall grass
235,0.139329451,0.04559873,Tall grass
236,0.136597286,0.044704566,Tall grass
237,0.133918696,0.043827937,Tall grass
238,0.131292632,0.042968498,Tall grass
239,0.128718064,0.042125912,Tall grass
240,0.126193981,0.041299848,Tall grass
241,0.123719394,0.040489984,Tall grass
242,0.121293332,0.039696,Tall grass
243,0.118914844,0.038917585,Tall grass
244,0.116582996,0.038154435,Tall grass
245,0.114296875,0.03740625,Tall grass
246,0.112055583,0.036672736,Tall grass
247,0.109858241,0.035953606,Tall grass
248,0.107703988,0.035248578,Tall grass
249,0.105591979,0.034557375,Tall grass
250,0.103521384,0.033879726,Tall grass
251,0.101491393,0.033215365,Tall grass
252,0.099501209,0.032564032,Tall grass
253,0.097550051,0.031925471,Tall grass
254,0.095637154,0.031299432,Tall grass
255,0.093761768,0.030685669,Tall grass
256,0.091923157,0.030083942,Tall grass
257,0.0901206,0.029494014,Tall grass
258,0.08835339,0.028915655,Tall grass
259,0.086620833,0.028348636,Tall grass
260,0.084922252,0.027792737,Tall grass
261,0.083256978,0.027247738,Tall grass
262,0.08162436,0.026713427,Tall grass
263,0.080023756,0.026189593,Tall grass
264,0.078454539,0.025676031,Tall grass
265,0.076916093,0.02517254,Tall grass
266,0.075407815,0.024678921,Tall grass
267,0.073929114,0.024194983,Tall grass
268,0.072479409,0.023720534,Tall grass
269,0.071058132,0.023255389,Tall grass
270,0.069664726,0.022799365,Tall grass
271,0.068298643,0.022352283,Tall grass
272,0.066959348,0.021913968,Tall grass
273,0.065646316,0.021484249,Tall grass
274,0.064359032,0.021062956,Tall grass
275,0.063096991,0.020649924,Tall grass
276,0.061859697,0.020244992,Tall grass
277,0.060646666,0.019848,Tall grass
278,0.059457422,0.019458793,Tall grass
279,0.058291498,0.019077218,Tall grass
280,0.057148437,0.018703125,Tall grass
281,0.056027791,0.018336368,Tall grass
282,0.054929121,0.017976803,Tall grass
283,0.053851994,0.017624289,Tall grass
284,0.052795989,0.017278687,Tall grass
285,0.051760692,0.016939863,Tall grass
286,0.050745697,0.016607683,Tall grass
287,0.049750604,0.016282016,Tall grass
288,0.048775025,0.015962736,Tall grass
289,0.047818577,0.015649716,Tall grass
290,0.046880884,0.015342835,Tall grass
291,0.045961578,0.015041971,Tall grass
292,0.0450603,0.014747007,Tall grass
293,0.044176695,0.014457827,Tall grass
294,0.043310417,0.014174318,Tall grass
295,0.042461126,0.013896368,Tall grass
296,0.041628489,0.013623869,Tall grass
297,0.04081218,0.013356713,Tall grass
298,0.040011878,0.013094796,Tall grass
299,0.039227269,0.012838015,Tall grass
300,0.038458047,0.01258627,Tall grass
301,0.037703908,0.012339461,Tall grass
302,0.036964557,0.012097491,Tall grass
303,0.036239705,0.011860267,Tall grass
304,0.035529066,0.011627694,Tall grass
305,0.034832363,0.011399682,Tall grass
306,0.034149321,0.011176142,Tall grass
307,0.033479674,0.010956984,Tall grass
308,0.032823158,0.010742124,Tall grass
309,0.032179516,0.010531478,Tall grass
310,0.031548495,0.010324962,Tall grass
311,0.030929849,0.010122496,Tall grass
312,0.030323333,0.009924,Tall grass
313,0.029728711,0.009729396,Tall grass
314,0.029145749,0.009538609,Tall grass
315,0.028574219,0.009351562,Tall grass
316,0.028013896,0.009168184,Tall grass
317,0.02746456,0.008988402,Tall grass
318,0.026925997,0.008812144,Tall grass
319,0.026397995,0.008639344,Tall grass
320,0.025880346,0.008469931,Tall grass
321,0.025372848,0.008303841,Tall grass
322,0.024875302,0.008141008,Tall grass
323,0.024387513,0.007981368,Tall grass
324,0.023909288,0.007824858,Tall grass
325,0.023440442,0.007671417,Tall grass
326,0.022980789,0.007520986,Tall grass
327,0.02253015,0.007373504,Tall grass
328,0.022088347,0.007228914,Tall grass
329,0.021655208,0.007087159,Tall grass
330,0.021230563,0.006948184,Tall grass
331,0.020814245,0.006811935,Tall grass
332,0.02040609,0.006678357,Tall grass
333,0.020005939,0.006547398,Tall grass
334,0.019613635,0.006419008,Tall grass
335,0.019229023,0.006293135,Tall grass
336,0.018851954,0.00616973,Tall grass
337,0.018482279,0.006048746,Tall grass
338,0.018119852,0.005930133,Tall grass
339,0.017764533,0.005813847,Tall grass
340,0.017416181,0.005699841,Tall grass
341,0.017074661,0.005588071,Tall grass
342,0.016739837,0.005478492,Tall grass
343,0.016411579,0.005371062,Tall grass
344,0.016089758,0.005265739,Tall grass
345,0.015774248,0.005162481,Tall grass
346,0.015464924,0.005061248,Tall grass
347,0.015161667,0.004962,Tall grass
348,0.014864356,0.004864698,Tall grass
349,0.014572875,0.004769304,Tall grass
350,0.014287109,0.004675781,Tall grass
351,0.014006948,0.004584092,Tall grass
352,0.01373228,0.004494201,Tall grass
353,0.013462999,0.004406072,Tall grass
354,0.013198997,0.004319672,Tall grass
355,0.012940173,0.004234966,Tall grass
356,0.012686424,0.004151921,Tall grass
357,0.012437651,0.004070504,Tall grass
358,0.012193756,0.003990684,Tall grass
359,0.011954644,0.003912429,Tall grass
360,0.011720221,0.003835709,Tall grass
361,0.011490395,0.003760493,Tall grass
362,0.011265075,0.003686752,Tall grass
363,0.011044174,0.003614457,Tall grass
364,0.010827604,0.00354358,Tall grass
365,0.010615281,0.003474092,Tall grass
366,0.010407122,0.003405967,Tall grass
367,0.010203045,0.003339178,Tall grass
368,0.010002969,0.003273699,Tall grass
369,0.009806817,0.003209504,Tall grass
370,0.009614512,0.003146567,Tall grass
0,17.955,5.985,Broadleaf plants
1,17.6029134,5.8676378,Broadleaf plants
2,17.25773101,5.752577002,Broadleaf plants
3,16.91931743,5.639772476,Broadleaf plants
4,16.58753993,5.529179978,Broadleaf plants
5,16.26226839,5.420756131,Broadleaf plants
6,15.94337523,5.314458409,Broadleaf plants
7,15.63073536,5.210245121,Broadleaf plants
8,15.32422618,5.108075392,Broadleaf plants
9,15.02372745,5.00790915,Broadleaf plants
10,14.72912132,4.909707106,Broadleaf plants
11,14.44029223,4.813430744,Broadleaf plants
12,14.15712691,4.719042303,Broadleaf plants
13,13.87951429,4.626504762,Broadleaf plants
14,13.60734548,4.535781825,Broadleaf plants
15,13.34051373,4.44683791,Broadleaf plants
16,13.07891439,4.359638131,Broadleaf plants
17,12.82244486,4.274148286,Broadleaf plants
18,12.57100454,4.190334846,Broadleaf plants
19,12.32449481,4.108164935,Broadleaf plants
20,12.08281898,4.027606326,Broadleaf plants
21,11.84588227,3.948627423,Broadleaf plants
22,11.61359174,3.871197248,Broadleaf plants
23,11.38585629,3.795285431,Broadleaf plants
24,11.1625866,3.720862198,Broadleaf plants
25,10.94369508,3.64789836,Broadleaf plants
26,10.7290959,3.576365298,Broadleaf plants
27,10.51870487,3.506234956,Broadleaf plants
28,10.31243948,3.437479827,Broadleaf plants
29,10.11021883,3.370072945,Broadleaf plants
30,9.911963609,3.30398787,Broadleaf plants
31,9.717596048,3.239198683,Broadleaf plants
32,9.527039917,3.175679972,Broadleaf plants
33,9.340220475,3.113406825,Broadleaf plants
34,9.157064449,3.052354816,Broadleaf plants
35,8.9775,2.9925,Broadleaf plants
36,8.801456701,2.9338189,Broadleaf plants
37,8.628865503,2.876288501,Broadleaf plants
38,8.459658714,2.819886238,Broadleaf plants
39,8.293769966,2.764589989,Broadleaf plants
40,8.131134196,2.710378065,Broadleaf plants
41,7.971687614,2.657229205,Broadleaf plants
42,7.815367682,2.605122561,Broadleaf plants
43,7.662113089,2.554037696,Broadleaf plants
44,7.511863724,2.503954575,Broadleaf plants
45,7.364560659,2.454853553,Broadleaf plants
46,7.220146116,2.406715372,Broadleaf plants
47,7.078563455,2.359521152,Broadleaf plants
48,6.939757143,2.313252381,Broadleaf plants
49,6.803672738,2.267890913,Broadleaf plants
50,6.670256865,2.223418955,Broadleaf plants
51,6.539457197,2.179819066,Broadleaf plants
52,6.41122243,2.137074143,Broadleaf plants
53,6.285502268,2.095167423,Broadleaf plants
54,6.162247403,2.054082468,Broadleaf plants
55,6.04140949,2.013803163,Broadleaf plants
56,5.922941134,1.974313711,Broadleaf plants
57,5.806795871,1.935598624,Broadleaf plants
58,5.692928146,1.897642715,Broadleaf plants
59,5.581293298,1.860431099,Broadleaf plants
60,5.47184754,1.82394918,Broadleaf plants
61,5.364547948,1.788182649,Broadleaf plants
62,5.259352434,1.753117478,Broadleaf plants
63,5.156219741,1.718739914,Broadleaf plants
64,5.055109417,1.685036472,Broadleaf plants
65,4.955981805,1.651993935,Broadleaf plants
66,4.858798024,1.619599341,Broadleaf plants
67,4.763519958,1.587839986,Broadleaf plants
68,4.670110238,1.556703413,Broadleaf plants
69,4.578532224,1.526177408,Broadleaf plants
70,4.48875,1.49625,Broadleaf plants
71,4.40072835,1.46690945,Broadleaf plants
72,4.314432752,1.438144251,Broadleaf plants
73,4.229829357,1.409943119,Broadleaf plants
74,4.146884983,1.382294994,Broadleaf plants
75,4.065567098,1.355189033,Broadleaf plants
76,3.985843807,1.328614602,Broadleaf plants
77,3.907683841,1.30256128,Broadleaf plants
78,3.831056544,1.277018848,Broadleaf plants
79,3.755931862,1.251977287,Broadleaf plants
80,3.682280329,1.227426776,Broadleaf plants
81,3.610073058,1.203357686,Broadleaf plants
82,3.539281727,1.179760576,Broadleaf plants
83,3.469878571,1.15662619,Broadleaf plants
84,3.401836369,1.133945456,Broadleaf plants
85,3.335128433,1.111709478,Broadleaf plants
86,3.269728598,1.089909533,Broadleaf plants
87,3.205611215,1.068537072,Broadleaf plants
88,3.142751134,1.047583711,Broadleaf plants
89,3.081123701,1.027041234,Broadleaf plants
90,3.020704745,1.006901582,Broadleaf plants
91,2.961470567,0.987156856,Broadleaf plants
92,2.903397936,0.967799312,Broadleaf plants
93,2.846464073,0.948821358,Broadleaf plants
94,2.790646649,0.93021555,Broadleaf plants
95,2.73592377,0.91197459,Broadleaf plants
96,2.682273974,0.894091325,Broadleaf plants
97,2.629676217,0.876558739,Broadleaf plants
98,2.57810987,0.859369957,Broadleaf plants
99,2.527554708,0.842518236,Broadleaf plants
100,2.477990902,0.825996967,Broadleaf plants
101,2.429399012,0.809799671,Broadleaf plants
102,2.381759979,0.793919993,Broadleaf plants
103,2.335055119,0.778351706,Broadleaf plants
104,2.289266112,0.763088704,Broadleaf plants
105,2.244375,0.748125,Broadleaf plants
106,2.200364175,0.733454725,Broadleaf plants
107,2.157216376,0.719072125,Broadleaf plants
108,2.114914678,0.704971559,Broadleaf plants
109,2.073442492,0.691147497,Broadleaf plants
110,2.032783549,0.677594516,Broadleaf plants
111,1.992921903,0.664307301,Broadleaf plants
112,1.95384192,0.65128064,Broadleaf plants
113,1.915528272,0.638509424,Broadleaf plants
114,1.877965931,0.625988644,Broadleaf plants
115,1.841140165,0.613713388,Broadleaf plants
116,1.805036529,0.601678843,Broadleaf plants
117,1.769640864,0.589880288,Broadleaf plants
118,1.734939286,0.578313095,Broadleaf plants
119,1.700918184,0.566972728,Broadleaf plants
120,1.667564216,0.555854739,Broadleaf plants
121,1.634864299,0.544954766,Broadleaf plants
122,1.602805607,0.534268536,Broadleaf plants
123,1.571375567,0.523791856,Broadleaf plants
124,1.540561851,0.513520617,Broadleaf plants
125,1.510352372,0.503450791,Broadleaf plants
126,1.480735284,0.493578428,Broadleaf plants
127,1.451698968,0.483899656,Broadleaf plants
128,1.423232037,0.474410679,Broadleaf plants
129,1.395323324,0.465107775,Broadleaf plants
130,1.367961885,0.455987295,Broadleaf plants
131,1.341136987,0.447045662,Broadleaf plants
132,1.314838109,0.43827937,Broadleaf plants
133,1.289054935,0.429684978,Broadleaf plants
134,1.263777354,0.421259118,Broadleaf plants
135,1.238995451,0.412998484,Broadleaf plants
136,1.214699506,0.404899835,Broadleaf plants
137,1.19087999,0.396959997,Broadleaf plants
138,1.167527559,0.389175853,Broadleaf plants
139,1.144633056,0.381544352,Broadleaf plants
140,1.1221875,0.3740625,Broadleaf plants
141,1.100182088,0.366727363,Broadleaf plants
142,1.078608188,0.359536063,Broadleaf plants
143,1.057457339,0.35248578,Broadleaf plants
144,1.036721246,0.345573749,Broadleaf plants
145,1.016391774,0.338797258,Broadleaf plants
146,0.996460952,0.332153651,Broadleaf plants
147,0.97692096,0.32564032,Broadleaf plants
148,0.957764136,0.319254712,Broadleaf plants
149,0.938982966,0.312994322,Broadleaf plants
150,0.920570082,0.306856694,Broadleaf plants
151,0.902518264,0.300839421,Broadleaf plants
152,0.884820432,0.294940144,Broadleaf plants
153,0.867469643,0.289156548,Broadleaf plants
154,0.850459092,0.283486364,Broadleaf plants
155,0.833782108,0.277927369,Broadleaf plants
156,0.81743215,0.272477383,Broadleaf plants
157,0.801402804,0.267134268,Broadleaf plants
158,0.785687784,0.261895928,Broadleaf plants
159,0.770280925,0.256760308,Broadleaf plants
160,0.755176186,0.251725395,Broadleaf plants
161,0.740367642,0.246789214,Broadleaf plants
162,0.725849484,0.241949828,Broadleaf plants
163,0.711616018,0.237205339,Broadleaf plants
164,0.697661662,0.232553887,Broadleaf plants
165,0.683980943,0.227993648,Broadleaf plants
166,0.670568493,0.223522831,Broadleaf plants
167,0.657419054,0.219139685,Broadleaf plants
168,0.644527468,0.214842489,Broadleaf plants
169,0.631888677,0.210629559,Broadleaf plants
170,0.619497726,0.206499242,Broadleaf plants
171,0.607349753,0.202449918,Broadleaf plants
172,0.595439995,0.198479998,Broadleaf plants
173,0.58376378,0.194587927,Broadleaf plants
174,0.572316528,0.190772176,Broadleaf plants
175,0.56109375,0.18703125,Broadleaf plants
176,0.550091044,0.183363681,Broadleaf plants
177,0.539304094,0.179768031,Broadleaf plants
178,0.52872867,0.17624289,Broadleaf plants
179,0.518360623,0.172786874,Broadleaf plants
180,0.508195887,0.169398629,Broadleaf plants
181,0.498230476,0.166076825,Broadleaf plants
182,0.48846048,0.16282016,Broadleaf plants
183,0.478882068,0.159627356,Broadleaf plants
184,0.469491483,0.156497161,Broadleaf plants
185,0.460285041,0.153428347,Broadleaf plants
186,0.451259132,0.150419711,Broadleaf plants
187,0.442410216,0.147470072,Broadleaf plants
188,0.433734821,0.144578274,Broadleaf plants
189,0.425229546,0.141743182,Broadleaf plants
190,0.416891054,0.138963685,Broadleaf plants
191,0.408716075,0.136238692,Broadleaf plants
192,0.400701402,0.133567134,Broadleaf plants
193,0.392843892,0.130947964,Broadleaf plants
194,0.385140463,0.128380154,Broadleaf plants
195,0.377588093,0.125862698,Broadleaf plants
196,0.370183821,0.123394607,Broadleaf plants
197,0.362924742,0.120974914,Broadleaf plants
198,0.355808009,0.11860267,Broadleaf plants
199,0.348830831,0.116276944,Broadleaf plants
200,0.341990471,0.113996824,Broadleaf plants
201,0.335284247,0.111761416,Broadleaf plants
202,0.328709527,0.109569842,Broadleaf plants
203,0.322263734,0.107421245,Broadleaf plants
204,0.315944339,0.10531478,Broadleaf plants
205,0.309748863,0.103249621,Broadleaf plants
206,0.303674877,0.101224959,Broadleaf plants
207,0.297719997,0.099239999,Broadleaf plants
208,0.29188189,0.097293963,Broadleaf plants
209,0.286158264,0.095386088,Broadleaf plants
210,0.280546875,0.093515625,Broadleaf plants
211,0.275045522,0.091681841,Broadleaf plants
212,0.269652047,0.089884016,Broadleaf plants
213,0.264364335,0.088121445,Broadleaf plants
214,0.259180311,0.086393437,Broadleaf plants
215,0.254097944,0.084699315,Broadleaf plants
216,0.249115238,0.083038413,Broadleaf plants
217,0.24423024,0.08141008,Broadleaf plants
218,0.239441034,0.079813678,Broadleaf plants
219,0.234745741,0.07824858,Broadleaf plants
220,0.230142521,0.076714174,Broadleaf plants
221,0.225629566,0.075209855,Broadleaf plants
222,0.221205108,0.073735036,Broadleaf plants
223,0.216867411,0.072289137,Broadleaf plants
224,0.212614773,0.070871591,Broadleaf plants
225,0.208445527,0.069481842,Broadleaf plants
226,0.204358037,0.068119346,Broadleaf plants
227,0.200350701,0.066783567,Broadleaf plants
228,0.196421946,0.065473982,Broadleaf plants
229,0.192570231,0.064190077,Broadleaf plants
230,0.188794047,0.062931349,Broadleaf plants
231,0.18509191,0.061697303,Broadleaf plants
232,0.181462371,0.060487457,Broadleaf plants
233,0.177904005,0.059301335,Broadleaf plants
234,0.174415416,0.058138472,Broadleaf plants
235,0.170995236,0.056998412,Broadleaf plants
236,0.167642123,0.055880708,Broadleaf plants
237,0.164354764,0.054784921,Broadleaf plants
238,0.161131867,0.053710622,Broadleaf plants
239,0.157972169,0.05265739,Broadleaf plants
240,0.154874431,0.05162481,Broadleaf plants
241,0.151837438,0.050612479,Broadleaf plants
242,0.148859999,0.04962,Broadleaf plants
243,0.145940945,0.048646982,Broadleaf plants
244,0.143079132,0.047693044,Broadleaf plants
245,0.140273437,0.046757812,Broadleaf plants
246,0.137522761,0.04584092,Broadleaf plants
247,0.134826023,0.044942008,Broadleaf plants
248,0.132182167,0.044060722,Broadleaf plants
249,0.129590156,0.043196719,Broadleaf plants
250,0.127048972,0.042349657,Broadleaf plants
251,0.124557619,0.041519206,Broadleaf plants
252,0.12211512,0.04070504,Broadleaf plants
253,0.119720517,0.039906839,Broadleaf plants
254,0.117372871,0.03912429,Broadleaf plants
255,0.11507126,0.038357087,Broadleaf plants
256,0.112814783,0.037604928,Broadleaf plants
257,0.110602554,0.036867518,Broadleaf plants
258,0.108433705,0.036144568,Broadleaf plants
259,0.106307387,0.035435796,Broadleaf plants
260,0.104222764,0.034740921,Broadleaf plants
261,0.102179019,0.034059673,Broadleaf plants
262,0.10017535,0.033391783,Broadleaf plants
263,0.098210973,0.032736991,Broadleaf plants
264,0.096285116,0.032095039,Broadleaf plants
265,0.094397023,0.031465674,Broadleaf plants
266,0.092545955,0.030848652,Broadleaf plants
267,0.090731185,0.030243728,Broadleaf plants
268,0.088952002,0.029650667,Broadleaf plants
269,0.087207708,0.029069236,Broadleaf plants
270,0.085497618,0.028499206,Broadleaf plants
271,0.083821062,0.027940354,Broadleaf plants
272,0.082177382,0.027392461,Broadleaf plants
273,0.080565933,0.026855311,Broadleaf plants
274,0.078986085,0.026328695,Broadleaf plants
275,0.077437216,0.025812405,Broadleaf plants
276,0.075918719,0.02530624,Broadleaf plants
277,0.074429999,0.02481,Broadleaf plants
278,0.072970472,0.024323491,Broadleaf plants
279,0.071539566,0.023846522,Broadleaf plants
280,0.070136719,0.023378906,Broadleaf plants
281,0.06876138,0.02292046,Broadleaf plants
282,0.067413012,0.022471004,Broadleaf plants
283,0.066091084,0.022030361,Broadleaf plants
284,0.064795078,0.021598359,Broadleaf plants
285,0.063524486,0.021174829,Broadleaf plants
286,0.062278809,0.020759603,Broadleaf plants
287,0.06105756,0.02035252,Broadleaf plants
288,0.059860259,0.01995342,Broadleaf plants
289,0.058686435,0.019562145,Broadleaf plants
290,0.05753563,0.019178543,Broadleaf plants
291,0.056407392,0.018802464,Broadleaf plants
292,0.055301277,0.018433759,Broadleaf plants
293,0.054216853,0.018072284,Broadleaf plants
294,0.053153693,0.017717898,Broadleaf plants
295,0.052111382,0.017370461,Broadleaf plants
296,0.051089509,0.017029836,Broadleaf plants
297,0.050087675,0.016695892,Broadleaf plants
298,0.049105486,0.016368495,Broadleaf plants
299,0.048142558,0.016047519,Broadleaf plants
300,0.047198512,0.015732837,Broadleaf plants
301,0.046272978,0.015424326,Broadleaf plants
302,0.045365593,0.015121864,Broadleaf plants
303,0.044476001,0.014825334,Broadleaf plants
304,0.043603854,0.014534618,Broadleaf plants
305,0.042748809,0.014249603,Broadleaf plants
306,0.041910531,0.013970177,Broadleaf plants
307,0.041088691,0.01369623,Broadleaf plants
308,0.040282967,0.013427656,Broadleaf plants
309,0.039493042,0.013164347,Broadleaf plants
310,0.038718608,0.012906203,Broadleaf plants
311,0.03795936,0.01265312,Broadleaf plants
312,0.037215,0.012405,Broadleaf plants
313,0.036485236,0.012161745,Broadleaf plants
314,0.035769783,0.011923261,Broadleaf plants
315,0.035068359,0.011689453,Broadleaf plants
316,0.03438069,0.01146023,Broadleaf plants
317,0.033706506,0.011235502,Broadleaf plants
318,0.033045542,0.011015181,Broadleaf plants
319,0.032397539,0.01079918,Broadleaf plants
320,0.031762243,0.010587414,Broadleaf plants
321,0.031139405,0.010379802,Broadleaf plants
322,0.03052878,0.01017626,Broadleaf plants
323,0.029930129,0.00997671,Broadleaf plants
324,0.029343218,0.009781073,Broadleaf plants
325,0.028767815,0.009589272,Broadleaf plants
326,0.028203696,0.009401232,Broadleaf plants
327,0.027650638,0.009216879,Broadleaf plants
328,0.027108426,0.009036142,Broadleaf plants
329,0.026576847,0.008858949,Broadleaf plants
330,0.026055691,0.00868523,Broadleaf plants
331,0.025544755,0.008514918,Broadleaf plants
332,0.025043838,0.008347946,Broadleaf plants
333,0.024552743,0.008184248,Broadleaf plants
334,0.024071279,0.00802376,Broadleaf plants
335,0.023599256,0.007866419,Broadleaf plants
336,0.023136489,0.007712163,Broadleaf plants
337,0.022682796,0.007560932,Broadleaf plants
338,0.022238001,0.007412667,Broadleaf plants
339,0.021801927,0.007267309,Broadleaf plants
340,0.021374404,0.007124801,Broadleaf plants
341,0.020955265,0.006985088,Broadleaf plants
342,0.020544345,0.006848115,Broadleaf plants
343,0.020141483,0.006713828,Broadleaf plants
344,0.019746521,0.006582174,Broadleaf plants
345,0.019359304,0.006453101,Broadleaf plants
346,0.01897968,0.00632656,Broadleaf plants
347,0.0186075,0.0062025,Broadleaf plants
348,0.018242618,0.006080873,Broadleaf plants
349,0.017884892,0.005961631,Broadleaf plants
350,0.01753418,0.005844727,Broadleaf plants
351,0.017190345,0.005730115,Broadleaf plants
352,0.016853253,0.005617751,Broadleaf plants
353,0.016522771,0.00550759,Broadleaf plants
354,0.016198769,0.00539959,Broadleaf plants
355,0.015881121,0.005293707,Broadleaf plants
356,0.015569702,0.005189901,Broadleaf plants
357,0.01526439,0.00508813,Broadleaf plants
358,0.014965065,0.004988355,Broadleaf plants
359,0.014671609,0.004890536,Broadleaf plants
360,0.014383908,0.004794636,Broadleaf plants
361,0.014101848,0.004700616,Broadleaf plants
362,0.013825319,0.00460844,Broadleaf plants
363,0.013554213,0.004518071,Broadleaf plants
364,0.013288423,0.004429474,Broadleaf plants
365,0.013027845,0.004342615,Broadleaf plants
366,0.012772377,0.004257459,Broadleaf plants
367,0.012521919,0.004173973,Broadleaf plants
368,0.012276372,0.004092124,Broadleaf plants
369,0.012035639,0.00401188,Broadleaf plants
370,0.011799628,0.003933209,Broadleaf plants
0,1.995,0.931,Fruits/pods
1,1.955879267,0.912743658,Fruits/pods
2,1.917525667,0.894845311,Fruits/pods
3,1.879924159,0.877297941,Fruits/pods
4,1.843059993,0.860094663,Fruits/pods
5,1.80691871,0.843228731,Fruits/pods
6,1.771486136,0.82669353,Fruits/pods
7,1.736748374,0.810482574,Fruits/pods
8,1.702691797,0.794589505,Fruits/pods
9,1.66930305,0.77900809,Fruits/pods
10,1.636569035,0.763732216,Fruits/pods
11,1.604476915,0.748755894,Fruits/pods
12,1.573014101,0.734073247,Fruits/pods
13,1.542168254,0.719678518,Fruits/pods
14,1.511927275,0.705566062,Fruits/pods
15,1.482279303,0.691730342,Fruits/pods
16,1.45321271,0.678165932,Fruits/pods
17,1.424716095,0.664867511,Fruits/pods
18,1.396778282,0.651829865,Fruits/pods
19,1.369388312,0.639047879,Fruits/pods
20,1.342535442,0.62651654,Fruits/pods
21,1.316209141,0.614230932,Fruits/pods
22,1.290399083,0.602186239,Fruits/pods
23,1.265095144,0.590377734,Fruits/pods
24,1.240287399,0.578800786,Fruits/pods
25,1.21596612,0.567450856,Fruits/pods
26,1.192121766,0.556323491,Fruits/pods
27,1.168744985,0.545414327,Fruits/pods
28,1.145826609,0.534719084,Fruits/pods
29,1.123357648,0.524233569,Fruits/pods
30,1.10132929,0.513953669,Fruits/pods
31,1.079732894,0.503875351,Fruits/pods
32,1.058559991,0.493994662,Fruits/pods
33,1.037802275,0.484307728,Fruits/pods
34,1.017451605,0.474810749,Fruits/pods
35,0.9975,0.4655,Fruits/pods
36,0.977939633,0.456371829,Fruits/pods
37,0.958762834,0.447422656,Fruits/pods
38,0.939962079,0.43864897,Fruits/pods
39,0.921529996,0.430047332,Fruits/pods
40,0.903459355,0.421614366,Fruits/pods
41,0.885743068,0.413346765,Fruits/pods
42,0.868374187,0.405241287,Fruits/pods
43,0.851345899,0.397294753,Fruits/pods
44,0.834651525,0.389504045,Fruits/pods
45,0.818284518,0.381866108,Fruits/pods
46,0.802238457,0.374377947,Fruits/pods
47,0.786507051,0.367036624,Fruits/pods
48,0.771084127,0.359839259,Fruits/pods
49,0.755963638,0.352783031,Fruits/pods
50,0.741139652,0.345865171,Fruits/pods
51,0.726606355,0.339082966,Fruits/pods
52,0.712358048,0.332433756,Fruits/pods
53,0.698389141,0.325914932,Fruits/pods
54,0.684694156,0.319523939,Fruits/pods
55,0.671267721,0.31325827,Fruits/pods
56,0.65810457,0.307115466,Fruits/pods
57,0.645199541,0.301093119,Fruits/pods
58,0.632547572,0.295188867,Fruits/pods
59,0.6201437,0.289400393,Fruits/pods
60,0.60798306,0.283725428,Fruits/pods
61,0.596060883,0.278161745,Fruits/pods
62,0.584372493,0.272707163,Fruits/pods
63,0.572913305,0.267359542,Fruits/pods
64,0.561678824,0.262116785,Fruits/pods
65,0.550664645,0.256976834,Fruits/pods
66,0.539866447,0.251937675,Fruits/pods
67,0.529279995,0.246997331,Fruits/pods
68,0.518901138,0.242153864,Fruits/pods
69,0.508725803,0.237405375,Fruits/pods
70,0.49875,0.23275,Fruits/pods
71,0.488969817,0.228185914,Fruits/pods
72,0.479381417,0.223711328,Fruits/pods
73,0.46998104,0.219324485,Fruits/pods
74,0.460764998,0.215023666,Fruits/pods
75,0.451729678,0.210807183,Fruits/pods
76,0.442871534,0.206673383,Fruits/pods
77,0.434187093,0.202620644,Fruits/pods
78,0.425672949,0.198647376,Fruits/pods
79,0.417325762,0.194752022,Fruits/pods
80,0.409142259,0.190933054,Fruits/pods
81,0.401119229,0.187188973,Fruits/pods
82,0.393253525,0.183518312,Fruits/pods
83,0.385542063,0.17991963,Fruits/pods
84,0.377981819,0.176391515,Fruits/pods
85,0.370569826,0.172932585,Fruits/pods
86,0.363303178,0.169541483,Fruits/pods
87,0.356179024,0.166216878,Fruits/pods
88,0.34919457,0.162957466,Fruits/pods
89,0.342347078,0.15976197,Fruits/pods
90,0.335633861,0.156629135,Fruits/pods
91,0.329052285,0.153557733,Fruits/pods
92,0.322599771,0.15054656,Fruits/pods
93,0.316273786,0.147594433,Fruits/pods
94,0.31007185,0.144700197,Fruits/pods
95,0.30399153,0.141862714,Fruits/pods
96,0.298030442,0.139080873,Fruits/pods
97,0.292186246,0.136353582,Fruits/pods
98,0.286456652,0.133679771,Fruits/pods
99,0.280839412,0.131058392,Fruits/pods
100,0.275332322,0.128488417,Fruits/pods
101,0.269933224,0.125968838,Fruits/pods
102,0.264639998,0.123498666,Fruits/pods
103,0.259450569,0.121076932,Fruits/pods
104,0.254362901,0.118702687,Fruits/pods
105,0.249375,0.116375,Fruits/pods
106,0.244484908,0.114092957,Fruits/pods
107,0.239690708,0.111855664,Fruits/pods
108,0.23499052,0.109662243,Fruits/pods
109,0.230382499,0.107511833,Fruits/pods
110,0.225864839,0.105403591,Fruits/pods
111,0.221435767,0.103336691,Fruits/pods
112,0.217093547,0.101310322,Fruits/pods
113,0.212836475,0.099323688,Fruits/pods
114,0.208662881,0.097376011,Fruits/pods
115,0.204571129,0.095466527,Fruits/pods
116,0.200559614,0.093594487,Fruits/pods
117,0.196626763,0.091759156,Fruits/pods
118,0.192771032,0.089959815,Fruits/pods
119,0.188990909,0.088195758,Fruits/pods
120,0.185284913,0.086466293,Fruits/pods
121,0.181651589,0.084770741,Fruits/pods
122,0.178089512,0.083108439,Fruits/pods
123,0.174597285,0.081478733,Fruits/pods
124,0.171173539,0.079880985,Fruits/pods
125,0.16781693,0.078314567,Fruits/pods
126,0.164526143,0.076778867,Fruits/pods
127,0.161299885,0.07527328,Fruits/pods
128,0.158136893,0.073797217,Fruits/pods
129,0.155035925,0.072350098,Fruits/pods
130,0.151995765,0.070931357,Fruits/pods
131,0.149015221,0.069540436,Fruits/pods
132,0.146093123,0.068176791,Fruits/pods
133,0.143228326,0.066839886,Fruits/pods
134,0.140419706,0.065529196,Fruits/pods
135,0.137666161,0.064244209,Fruits/pods
136,0.134966612,0.062984419,Fruits/pods
137,0.132319999,0.061749333,Fruits/pods
138,0.129725284,0.060538466,Fruits/pods
139,0.127181451,0.059351344,Fruits/pods
140,0.1246875,0.0581875,Fruits/pods
141,0.122242454,0.057046479,Fruits/pods
142,0.119845354,0.055927832,Fruits/pods
143,0.11749526,0.054831121,Fruits/pods
144,0.11519125,0.053755916,Fruits/pods
145,0.112932419,0.052701796,Fruits/pods
146,0.110717884,0.051668346,Fruits/pods
147,0.108546773,0.050655161,Fruits/pods
148,0.106418237,0.049661844,Fruits/pods
149,0.104331441,0.048688006,Fruits/pods
150,0.102285565,0.047733264,Fruits/pods
151,0.100279807,0.046797243,Fruits/pods
152,0.098313381,0.045879578,Fruits/pods
153,0.096385516,0.044979907,Fruits/pods
154,0.094495455,0.044097879,Fruits/pods
155,0.092642456,0.043233146,Fruits/pods
156,0.090825794,0.042385371,Fruits/pods
157,0.089044756,0.041554219,Fruits/pods
158,0.087298643,0.040739367,Fruits/pods
159,0.085586769,0.039940492,Fruits/pods
160,0.083908465,0.039157284,Fruits/pods
161,0.082263071,0.038389433,Fruits/pods
162,0.080649943,0.03763664,Fruits/pods
163,0.079068446,0.036898608,Fruits/pods
164,0.077517962,0.036175049,Fruits/pods
165,0.075997883,0.035465679,Fruits/pods
166,0.07450761,0.034770218,Fruits/pods
167,0.073046562,0.034088395,Fruits/pods
168,0.071614163,0.033419943,Fruits/pods
169,0.070209853,0.032764598,Fruits/pods
170,0.068833081,0.032122104,Fruits/pods
171,0.067483306,0.031492209,Fruits/pods
172,0.066159999,0.030874666,Fruits/pods
173,0.064862642,0.030269233,Fruits/pods
174,0.063590725,0.029675672,Fruits/pods
175,0.06234375,0.02909375,Fruits/pods
176,0.061121227,0.028523239,Fruits/pods
177,0.059922677,0.027963916,Fruits/pods
178,0.05874763,0.027415561,Fruits/pods
179,0.057595625,0.026877958,Fruits/pods
180,0.05646621,0.026350898,Fruits/pods
181,0.055358942,0.025834173,Fruits/pods
182,0.054273387,0.02532758,Fruits/pods
183,0.053209119,0.024830922,Fruits/pods
184,0.05216572,0.024344003,Fruits/pods
185,0.051142782,0.023866632,Fruits/pods
186,0.050139904,0.023398622,Fruits/pods
187,0.049156691,0.022939789,Fruits/pods
188,0.048192758,0.022489954,Fruits/pods
189,0.047247727,0.022048939,Fruits/pods
190,0.046321228,0.021616573,Fruits/pods
191,0.045412897,0.021192685,Fruits/pods
192,0.044522378,0.02077711,Fruits/pods
193,0.043649321,0.020369683,Fruits/pods
194,0.042793385,0.019970246,Fruits/pods
195,0.041954233,0.019578642,Fruits/pods
196,0.041131536,0.019194717,Fruits/pods
197,0.040324971,0.01881832,Fruits/pods
198,0.039534223,0.018449304,Fruits/pods
199,0.038758981,0.018087525,Fruits/pods
200,0.037998941,0.017732839,Fruits/pods
201,0.037253805,0.017385109,Fruits/pods
202,0.036523281,0.017044198,Fruits/pods
203,0.035807082,0.016709971,Fruits/pods
204,0.035104927,0.016382299,Fruits/pods
205,0.03441654,0.016061052,Fruits/pods
206,0.033741653,0.015746105,Fruits/pods
207,0.03308,0.015437333,Fruits/pods
208,0.032431321,0.015134617,Fruits/pods
209,0.031795363,0.014837836,Fruits/pods
210,0.031171875,0.014546875,Fruits/pods
211,0.030560614,0.01426162,Fruits/pods
212,0.029961339,0.013981958,Fruits/pods
213,0.029373815,0.01370778,Fruits/pods
214,0.028797812,0.013438979,Fruits/pods
215,0.028233105,0.013175449,Fruits/pods
216,0.027679471,0.012917086,Fruits/pods
217,0.027136693,0.01266379,Fruits/pods
218,0.026604559,0.012415461,Fruits/pods
219,0.02608286,0.012172001,Fruits/pods
220,0.025571391,0.011933316,Fruits/pods
221,0.025069952,0.011699311,Fruits/pods
222,0.024578345,0.011469894,Fruits/pods
223,0.024096379,0.011244977,Fruits/pods
224,0.023623864,0.01102447,Fruits/pods
225,0.023160614,0.010808287,Fruits/pods
226,0.022706449,0.010596343,Fruits/pods
227,0.022261189,0.010388555,Fruits/pods
228,0.021824661,0.010184842,Fruits/pods
229,0.021396692,0.009985123,Fruits/pods
230,0.020977116,0.009789321,Fruits/pods
231,0.020565768,0.009597358,Fruits/pods
232,0.020162486,0.00940916,Fruits/pods
233,0.019767112,0.009224652,Fruits/pods
234,0.019379491,0.009043762,Fruits/pods
235,0.018999471,0.00886642,Fruits/pods
236,0.018626903,0.008692555,Fruits/pods
237,0.01826164,0.008522099,Fruits/pods
238,0.017903541,0.008354986,Fruits/pods
239,0.017552463,0.00819115,Fruits/pods
240,0.01720827,0.008030526,Fruits/pods
241,0.016870826,0.007873052,Fruits/pods
242,0.01654,0.007718667,Fruits/pods
243,0.016215661,0.007567308,Fruits/pods
244,0.015897681,0.007418918,Fruits/pods
245,0.015585937,0.007273437,Fruits/pods
246,0.015280307,0.00713081,Fruits/pods
247,0.014980669,0.006990979,Fruits/pods
248,0.014686907,0.00685389,Fruits/pods
249,0.014398906,0.00671949,Fruits/pods
250,0.014116552,0.006587724,Fruits/pods
251,0.013839735,0.006458543,Fruits/pods
252,0.013568347,0.006331895,Fruits/pods
253,0.01330228,0.006207731,Fruits/pods
254,0.01304143,0.006086001,Fruits/pods
255,0.012785696,0.005966658,Fruits/pods
256,0.012534976,0.005849655,Fruits/pods
257,0.012289173,0.005734947,Fruits/pods
258,0.012048189,0.005622488,Fruits/pods
259,0.011811932,0.005512235,Fruits/pods
260,0.011580307,0.005404143,Fruits/pods
261,0.011353224,0.005298171,Fruits/pods
262,0.011130594,0.005194277,Fruits/pods
263,0.01091233,0.005092421,Fruits/pods
264,0.010698346,0.004992562,Fruits/pods
265,0.010488558,0.00489466,Fruits/pods
266,0.010282884,0.004798679,Fruits/pods
267,0.010081243,0.00470458,Fruits/pods
268,0.009883556,0.004612326,Fruits/pods
269,0.009689745,0.004521881,Fruits/pods
270,0.009499735,0.00443321,Fruits/pods
271,0.009313451,0.004346277,Fruits/pods
272,0.00913082,0.004261049,Fruits/pods
273,0.00895177,0.004177493,Fruits/pods
274,0.008776232,0.004095575,Fruits/pods
275,0.008604135,0.004015263,Fruits/pods
276,0.008435413,0.003936526,Fruits/pods
277,0.00827,0.003859333,Fruits/pods
278,0.00810783,0.003783654,Fruits/pods
279,0.007948841,0.003709459,Fruits/pods
280,0.007792969,0.003636719,Fruits/pods
281,0.007640153,0.003565405,Fruits/pods
282,0.007490335,0.003495489,Fruits/pods
283,0.007343454,0.003426945,Fruits/pods
284,0.007199453,0.003359745,Fruits/pods
285,0.007058276,0.003293862,Fruits/pods
286,0.006919868,0.003229272,Fruits/pods
287,0.006784173,0.003165948,Fruits/pods
288,0.00665114,0.003103865,Fruits/pods
289,0.006520715,0.003043,Fruits/pods
290,0.006392848,0.002983329,Fruits/pods
291,0.006267488,0.002924828,Fruits/pods
292,0.006144586,0.002867474,Fruits/pods
293,0.006024095,0.002811244,Fruits/pods
294,0.005905966,0.002756117,Fruits/pods
295,0.005790154,0.002702072,Fruits/pods
296,0.005676612,0.002649086,Fruits/pods
297,0.005565297,0.002597139,Fruits/pods
298,0.005456165,0.00254621,Fruits/pods
299,0.005349173,0.002496281,Fruits/pods
300,0.005244279,0.00244733,Fruits/pods
301,0.005141442,0.00239934,Fruits/pods
302,0.005040621,0.00235229,Fruits/pods
303,0.004941778,0.002306163,Fruits/pods
304,0.004844873,0.002260941,Fruits/pods
305,0.004749868,0.002216605,Fruits/pods
306,0.004656726,0.002173139,Fruits/pods
307,0.00456541,0.002130525,Fruits/pods
308,0.004475885,0.002088746,Fruits/pods
309,0.004388116,0.002047787,Fruits/pods
310,0.004302068,0.002007632,Fruits/pods
311,0.004217707,0.001968263,Fruits/pods
312,0.004135,0.001929667,Fruits/pods
313,0.004053915,0.001891827,Fruits/pods
314,0.00397442,0.001854729,Fruits/pods
315,0.003896484,0.001818359,Fruits/pods
316,0.003820077,0.001782702,Fruits/pods
317,0.003745167,0.001747745,Fruits/pods
318,0.003671727,0.001713473,Fruits/pods
319,0.003599727,0.001679872,Fruits/pods
320,0.003529138,0.001646931,Fruits/pods
321,0.003459934,0.001614636,Fruits/pods
322,0.003392087,0.001582974,Fruits/pods
323,0.00332557,0.001551933,Fruits/pods
324,0.003260358,0.0015215,Fruits/pods
325,0.003196424,0.001491664,Fruits/pods
326,0.003133744,0.001462414,Fruits/pods
327,0.003072293,0.001433737,Fruits/pods
328,0.003012047,0.001405622,Fruits/pods
329,0.002952983,0.001378059,Fruits/pods
330,0.002895077,0.001351036,Fruits/pods
331,0.002838306,0.001324543,Fruits/pods
332,0.002782649,0.001298569,Fruits/pods
333,0.002728083,0.001273105,Fruits/pods
334,0.002674587,0.00124814,Fruits/pods
335,0.00262214,0.001223665,Fruits/pods
336,0.002570721,0.00119967,Fruits/pods
337,0.002520311,0.001176145,Fruits/pods
338,0.002470889,0.001153082,Fruits/pods
339,0.002422436,0.00113047,Fruits/pods
340,0.002374934,0.001108302,Fruits/pods
341,0.002328363,0.001086569,Fruits/pods
342,0.002282705,0.001065262,Fruits/pods
343,0.002237943,0.001044373,Fruits/pods
344,0.002194058,0.001023894,Fruits/pods
345,0.002151034,0.001003816,Fruits/pods
346,0.002108853,0.000984132,Fruits/pods
347,0.0020675,0.000964833,Fruits/pods
348,0.002026958,0.000945914,Fruits/pods
349,0.00198721,0.000927365,Fruits/pods
350,0.001948242,0.00090918,Fruits/pods
351,0.001910038,0.000891351,Fruits/pods
352,0.001872584,0.000873872,Fruits/pods
353,0.001835863,0.000856736,Fruits/pods
354,0.001799863,0.000839936,Fruits/pods
355,0.001764569,0.000823466,Fruits/pods
356,0.001729967,0.000807318,Fruits/pods
357,0.001696043,0.000791487,Fruits/pods
358,0.001662785,0.000775966,Fruits/pods
359,0.001630179,0.00076075,Fruits/pods
360,0.001598212,0.000745832,Fruits/pods
361,0.001566872,0.000731207,Fruits/pods
362,0.001536147,0.000716868,Fruits/pods
363,0.001506024,0.000702811,Fruits/pods
364,0.001476491,0.000689029,Fruits/pods
365,0.001447538,0.000675518,Fruits/pods
366,0.001419153,0.000662271,Fruits/pods
367,0.001391324,0.000649285,Fruits/pods
368,0.001364041,0.000636553,Fruits/pods
369,0.001337293,0.00062407,Fruits/pods
370,0.00131107,0.000611833,Fruits/pods
0,12.502,8.645,Arthropods
1,12.25684341,8.475476823,Arthropods
2,12.01649418,8.309277892,Arthropods
3,11.78085806,8.146338021,Arthropods
4,11.54984262,7.986593301,Arthropods
5,11.32335725,7.829981078,Arthropods
6,11.10131312,7.676439924,Arthropods
7,10.88362314,7.52590962,Arthropods
8,10.67020193,7.378331122,Arthropods
9,10.46096578,7.233646549,Arthropods
10,10.25583262,7.091799153,Arthropods
11,10.054722,6.952733297,Arthropods
12,9.857555033,6.816394438,Arthropods
13,9.664254391,6.6827291,Arthropods
14,9.474744257,6.551684859,Arthropods
15,9.288950301,6.423210315,Arthropods
16,9.106799652,6.297255078,Arthropods
17,8.928220865,6.173769747,Arthropods
18,8.7531439,6.052705888,Arthropods
19,8.581500087,5.934016017,Arthropods
20,8.413222104,5.817653583,Arthropods
21,8.24824395,5.703572944,Arthropods
22,8.086500917,5.591729358,Arthropods
23,7.927929567,5.482078956,Arthropods
24,7.772467703,5.374578731,Arthropods
25,7.620054352,5.26918652,Arthropods
26,7.470629734,5.165860987,Arthropods
27,7.324135242,5.064561603,Arthropods
28,7.180513417,4.965248639,Arthropods
29,7.039707929,4.867883142,Arthropods
30,6.90166355,4.772426923,Arthropods
31,6.766326137,4.678842542,Arthropods
32,6.633642609,4.587093293,Arthropods
33,6.503560923,4.497143192,Arthropods
34,6.37603006,4.408956957,Arthropods
35,6.251,4.3225,Arthropods
36,6.128421703,4.237738411,Arthropods
37,6.008247091,4.154638946,Arthropods
38,5.89042903,4.07316901,Arthropods
39,5.77492131,3.99329665,Arthropods
40,5.661678625,3.914990539,Arthropods
41,5.550656561,3.838219962,Arthropods
42,5.441811571,3.76295481,Arthropods
43,5.335100965,3.689165561,Arthropods
44,5.23048289,3.616823275,Arthropods
45,5.12791631,3.545899576,Arthropods
46,5.027360999,3.476366648,Arthropods
47,4.928777516,3.408197219,Arthropods
48,4.832127196,3.34136455,Arthropods
49,4.737372129,3.275842429,Arthropods
50,4.644475151,3.211605157,Arthropods
51,4.553399826,3.148627539,Arthropods
52,4.464110433,3.086884874,Arthropods
53,4.37657195,3.026352944,Arthropods
54,4.290750043,2.967008009,Arthropods
55,4.206611052,2.908826791,Arthropods
56,4.124121975,2.851786472,Arthropods
57,4.043250459,2.795864679,Arthropods
58,3.963964783,2.741039478,Arthropods
59,3.886233852,2.687289366,Arthropods
60,3.810027176,2.63459326,Arthropods
61,3.735314867,2.582930493,Arthropods
62,3.662067621,2.532280802,Arthropods
63,3.590256709,2.48262432,Arthropods
64,3.519853964,2.433941571,Arthropods
65,3.450831775,2.386213461,Arthropods
66,3.383163069,2.339421271,Arthropods
67,3.316821304,2.293546647,Arthropods
68,3.251780462,2.248571596,Arthropods
69,3.18801503,2.204478478,Arthropods
70,3.1255,2.16125,Arthropods
71,3.064210851,2.118869206,Arthropods
72,3.004123546,2.077319473,Arthropods
73,2.945214515,2.036584505,Arthropods
74,2.887460655,1.996648325,Arthropods
75,2.830839313,1.957495269,Arthropods
76,2.77532828,1.919109981,Arthropods
77,2.720905786,1.881477405,Arthropods
78,2.667550483,1.844582781,Arthropods
79,2.615241445,1.808411637,Arthropods
80,2.563958155,1.772949788,Arthropods
81,2.5136805,1.738183324,Arthropods
82,2.464388758,1.704098609,Arthropods
83,2.416063598,1.670682275,Arthropods
84,2.368686064,1.637921215,Arthropods
85,2.322237575,1.605802579,Arthropods
86,2.276699913,1.57431377,Arthropods
87,2.232055216,1.543442437,Arthropods
88,2.188285975,1.513176472,Arthropods
89,2.145375022,1.483504004,Arthropods
90,2.103305526,1.454413396,Arthropods
91,2.062060988,1.425893236,Arthropods
92,2.021625229,1.397932339,Arthropods
93,1.981982392,1.370519739,Arthropods
94,1.943116926,1.343644683,Arthropods
95,1.905013588,1.31729663,Arthropods
96,1.867657434,1.291465247,Arthropods
97,1.83103381,1.266140401,Arthropods
98,1.795128354,1.24131216,Arthropods
99,1.759926982,1.216970786,Arthropods
100,1.725415887,1.193106731,Arthropods
101,1.691581534,1.169710635,Arthropods
102,1.658410652,1.146773323,Arthropods
103,1.625890231,1.124285798,Arthropods
104,1.594007515,1.102239239,Arthropods
105,1.56275,1.080625,Arthropods
106,1.532105426,1.059434603,Arthropods
107,1.502061773,1.038659736,Arthropods
108,1.472607258,1.018292253,Arthropods
109,1.443730327,0.998324163,Arthropods
110,1.415419656,0.978747635,Arthropods
111,1.38766414,0.959554991,Arthropods
112,1.360452893,0.940738702,Arthropods
113,1.333775241,0.92229139,Arthropods
114,1.307620722,0.904205819,Arthropods
115,1.281979078,0.886474894,Arthropods
116,1.25684025,0.869091662,Arthropods
117,1.232194379,0.852049305,Arthropods
118,1.208031799,0.835341138,Arthropods
119,1.184343032,0.818960607,Arthropods
120,1.161118788,0.802901289,Arthropods
121,1.138349956,0.787156885,Arthropods
122,1.116027608,0.771721218,Arthropods
123,1.094142987,0.756588236,Arthropods
124,1.072687511,0.741752002,Arthropods
125,1.051652763,0.727206698,Arthropods
126,1.031030494,0.712946618,Arthropods
127,1.010812615,0.69896617,Arthropods
128,0.990991196,0.685259869,Arthropods
129,0.971558463,0.671822341,Arthropods
130,0.952506794,0.658648315,Arthropods
131,0.933828717,0.645732623,Arthropods
132,0.915516905,0.6330702,Arthropods
133,0.897564177,0.62065608,Arthropods
134,0.879963491,0.608485393,Arthropods
135,0.862707944,0.596553365,Arthropods
136,0.845790767,0.584855318,Arthropods
137,0.829205326,0.573386662,Arthropods
138,0.812945115,0.562142899,Arthropods
139,0.797003758,0.55111962,Arthropods
140,0.781375,0.5403125,Arthropods
141,0.766052713,0.529717301,Arthropods
142,0.751030886,0.519329868,Arthropods
143,0.736303629,0.509146126,Arthropods
144,0.721865164,0.499162081,Arthropods
145,0.707709828,0.489373817,Arthropods
146,0.69383207,0.479777495,Arthropods
147,0.680226446,0.470369351,Arthropods
148,0.666887621,0.461145695,Arthropods
149,0.653810361,0.452102909,Arthropods
150,0.640989539,0.443237447,Arthropods
151,0.628420125,0.434545831,Arthropods
152,0.61609719,0.426024652,Arthropods
153,0.604015899,0.417670569,Arthropods
154,0.592171516,0.409480304,Arthropods
155,0.580559394,0.401450645,Arthropods
156,0.569174978,0.393578442,Arthropods
157,0.558013804,0.385860609,Arthropods
158,0.547071494,0.378294118,Arthropods
159,0.536343755,0.370876001,Arthropods
160,0.525826382,0.363603349,Arthropods
161,0.515515247,0.356473309,Arthropods
162,0.505406307,0.349483085,Arthropods
163,0.495495598,0.342629935,Arthropods
164,0.485779231,0.335911171,Arthropods
165,0.476253397,0.329324158,Arthropods
166,0.466914358,0.322866312,Arthropods
167,0.457758453,0.3165351,Arthropods
168,0.448782089,0.31032804,Arthropods
169,0.439981746,0.304242696,Arthropods
170,0.431353972,0.298276683,Arthropods
171,0.422895384,0.292427659,Arthropods
172,0.414602663,0.286693331,Arthropods
173,0.406472558,0.281071449,Arthropods
174,0.398501879,0.27555981,Arthropods
175,0.3906875,0.27015625,Arthropods
176,0.383026356,0.264858651,Arthropods
177,0.375515443,0.259664934,Arthropods
178,0.368151814,0.254573063,Arthropods
179,0.360932582,0.249581041,Arthropods
180,0.353854914,0.244686909,Arthropods
181,0.346916035,0.239888748,Arthropods
182,0.340113223,0.235184676,Arthropods
183,0.33344381,0.230572848,Arthropods
184,0.326905181,0.226051455,Arthropods
185,0.320494769,0.221618724,Arthropods
186,0.314210062,0.217272916,Arthropods
187,0.308048595,0.213012326,Arthropods
188,0.30200795,0.208835284,Arthropods
189,0.296085758,0.204740152,Arthropods
190,0.290279697,0.200725322,Arthropods
191,0.284587489,0.196789221,Arthropods
192,0.279006902,0.192930305,Arthropods
193,0.273535747,0.189147059,Arthropods
194,0.268171878,0.185438001,Arthropods
195,0.262913191,0.181801674,Arthropods
196,0.257757623,0.178236655,Arthropods
197,0.252703154,0.174741542,Arthropods
198,0.247747799,0.171314967,Arthropods
199,0.242889616,0.167955585,Arthropods
200,0.238126699,0.164662079,Arthropods
201,0.233457179,0.161433156,Arthropods
202,0.228879226,0.15826755,Arthropods
203,0.224391044,0.15516402,Arthropods
204,0.219990873,0.152121348,Arthropods
205,0.215676986,0.149138341,Arthropods
206,0.211447692,0.146213829,Arthropods
207,0.207301332,0.143346665,Arthropods
208,0.203236279,0.140535725,Arthropods
209,0.199250939,0.137779905,Arthropods
210,0.19534375,0.135078125,Arthropods
211,0.191513178,0.132429325,Arthropods
212,0.187757722,0.129832467,Arthropods
213,0.184075907,0.127286532,Arthropods
214,0.180466291,0.12479052,Arthropods
215,0.176927457,0.122343454,Arthropods
216,0.173458018,0.119944374,Arthropods
217,0.170056612,0.117592338,Arthropods
218,0.166721905,0.115286424,Arthropods
219,0.16345259,0.113025727,Arthropods
220,0.160247385,0.110809362,Arthropods
221,0.157105031,0.108636458,Arthropods
222,0.154024297,0.106506163,Arthropods
223,0.151003975,0.104417642,Arthropods
224,0.148042879,0.102370076,Arthropods
225,0.145139848,0.100362661,Arthropods
226,0.142293745,0.098394611,Arthropods
227,0.139503451,0.096465152,Arthropods
228,0.136767873,0.09457353,Arthropods
229,0.134085939,0.092719,Arthropods
230,0.131456595,0.090900837,Arthropods
231,0.128878812,0.089118327,Arthropods
232,0.126351577,0.087370771,Arthropods
233,0.123873899,0.085657484,Arthropods
234,0.121444808,0.083977793,Arthropods
235,0.119063349,0.082331039,Arthropods
236,0.11672859,0.080716578,Arthropods
237,0.114439613,0.079133775,Arthropods
238,0.112195522,0.07758201,Arthropods
239,0.109995436,0.076060674,Arthropods
240,0.107838493,0.074569171,Arthropods
241,0.105723846,0.073106915,Arthropods
242,0.103650666,0.071673333,Arthropods
243,0.101618139,0.070267862,Arthropods
244,0.09962547,0.068889952,Arthropods
245,0.097671875,0.067539062,Arthropods
246,0.095756589,0.066214663,Arthropods
247,0.093878861,0.064916234,Arthropods
248,0.092037954,0.063643266,Arthropods
249,0.090233145,0.06239526,Arthropods
250,0.088463729,0.061171727,Arthropods
251,0.086729009,0.059972187,Arthropods
252,0.085028306,0.058796169,Arthropods
253,0.083360953,0.057643212,Arthropods
254,0.081726295,0.056512864,Arthropods
255,0.080123692,0.055404681,Arthropods
256,0.078552516,0.054318229,Arthropods
257,0.077012149,0.053253082,Arthropods
258,0.075501987,0.052208821,Arthropods
259,0.07402144,0.051185038,Arthropods
260,0.072569924,0.050181331,Arthropods
261,0.071146872,0.049197305,Arthropods
262,0.069751726,0.048232576,Arthropods
263,0.068383937,0.047286765,Arthropods
264,0.067042969,0.0463595,Arthropods
265,0.065728298,0.045450419,Arthropods
266,0.064439406,0.044559164,Arthropods
267,0.063175788,0.043685386,Arthropods
268,0.06193695,0.042828742,Arthropods
269,0.060722404,0.041988896,Arthropods
270,0.059531675,0.04116552,Arthropods
271,0.058364295,0.040358289,Arthropods
272,0.057219807,0.039566888,Arthropods
273,0.056097761,0.038791005,Arthropods
274,0.054997718,0.038030337,Arthropods
275,0.053919246,0.037284585,Arthropods
276,0.052861923,0.036553457,Arthropods
277,0.051825333,0.035836666,Arthropods
278,0.05080907,0.035133931,Arthropods
279,0.049812735,0.034444976,Arthropods
280,0.048835937,0.033769531,Arthropods
281,0.047878295,0.033107331,Arthropods
282,0.04693943,0.032458117,Arthropods
283,0.046018977,0.031821633,Arthropods
284,0.045116573,0.03119763,Arthropods
285,0.044231864,0.030585864,Arthropods
286,0.043364504,0.029986093,Arthropods
287,0.042514153,0.029398084,Arthropods
288,0.041680476,0.028821606,Arthropods
289,0.040863148,0.028256432,Arthropods
290,0.040061846,0.02770234,Arthropods
291,0.039276258,0.027159114,Arthropods
292,0.038506074,0.026626541,Arthropods
293,0.037750994,0.026104411,Arthropods
294,0.03701072,0.025592519,Arthropods
295,0.036284962,0.025090665,Arthropods
296,0.035573436,0.024598653,Arthropods
297,0.034875863,0.024116288,Arthropods
298,0.034191968,0.023643382,Arthropods
299,0.033521485,0.02317975,Arthropods
300,0.032864149,0.022725209,Arthropods
301,0.032219703,0.022279582,Arthropods
302,0.031587894,0.021842693,Arthropods
303,0.030968475,0.021414371,Arthropods
304,0.030361202,0.020994448,Arthropods
305,0.029765837,0.02058276,Arthropods
306,0.029182147,0.020179144,Arthropods
307,0.028609903,0.019783444,Arthropods
308,0.028048881,0.019395502,Arthropods
309,0.027498859,0.019015169,Arthropods
310,0.026959623,0.018642293,Arthropods
311,0.026430961,0.018276729,Arthropods
312,0.025912666,0.017918333,Arthropods
313,0.025404535,0.017566966,Arthropods
314,0.024906367,0.017222488,Arthropods
315,0.024417969,0.016884766,Arthropods
316,0.023939147,0.016553666,Arthropods
317,0.023469715,0.016229058,Arthropods
318,0.023009488,0.015910816,Arthropods
319,0.022558286,0.015598815,Arthropods
320,0.022115932,0.015292932,Arthropods
321,0.021682252,0.014993047,Arthropods
322,0.021257076,0.014699042,Arthropods
323,0.020840238,0.014410803,Arthropods
324,0.020431574,0.014128216,Arthropods
325,0.020030923,0.01385117,Arthropods
326,0.019638129,0.013579557,Arthropods
327,0.019253037,0.01331327,Arthropods
328,0.018875497,0.013052205,Arthropods
329,0.01850536,0.012796259,Arthropods
330,0.018142481,0.012545333,Arthropods
331,0.017786718,0.012299326,Arthropods
332,0.017437931,0.012058144,Arthropods
333,0.017095984,0.011821691,Arthropods
334,0.016760742,0.011589875,Arthropods
335,0.016432074,0.011362605,Arthropods
336,0.016109851,0.011139791,Arthropods
337,0.015793947,0.010921346,Arthropods
338,0.015484237,0.010707185,Arthropods
339,0.015180601,0.010497224,Arthropods
340,0.014882919,0.01029138,Arthropods
341,0.014591074,0.010089572,Arthropods
342,0.014304952,0.009891722,Arthropods
343,0.01402444,0.009697751,Arthropods
344,0.01374943,0.009507584,Arthropods
345,0.013479812,0.009321146,Arthropods
346,0.013215481,0.009138364,Arthropods
347,0.012956333,0.008959167,Arthropods
348,0.012702267,0.008783483,Arthropods
349,0.012453184,0.008611244,Arthropods
350,0.012208984,0.008442383,Arthropods
351,0.011969574,0.008276833,Arthropods
352,0.011734858,0.008114529,Arthropods
353,0.011504744,0.007955408,Arthropods
354,0.011279143,0.007799408,Arthropods
355,0.011057966,0.007646466,Arthropods
356,0.010841126,0.007496523,Arthropods
357,0.010628538,0.007349521,Arthropods
358,0.010420119,0.007205401,Arthropods
359,0.010215787,0.007064108,Arthropods
360,0.010015462,0.006925585,Arthropods
361,0.009819064,0.006789779,Arthropods
362,0.009626519,0.006656635,Arthropods
363,0.009437748,0.006526103,Arthropods
364,0.00925268,0.00639813,Arthropods
365,0.009071241,0.006272666,Arthropods
366,0.008893359,0.006149663,Arthropods
367,0.008718966,0.006029072,Arthropods
368,0.008547992,0.005910846,Arthropods
369,0.008380371,0.005794938,Arthropods
370,0.008216037,0.005681302,Arthropods
